,id,y_true,prob_lr_seed_13_skf_4_paras_22_C_100_weight_None_solver_lbfgs,class_lr_seed_13_skf_4_paras_22_C_100_weight_None_solver_lbfgs
0,187,1,0.9992528135824217,1
1,5136,0,0.046349985138400655,0
2,743,1,0.9575588770930034,1
3,4461,0,0.003930163224937127,0
4,2833,0,0.0001699046882900957,0
5,2225,0,0.12800685865848607,0
6,2750,0,0.007995247793932835,0
7,2878,1,0.7761962483826994,1
8,2928,1,0.1458463222152937,0
9,4690,0,0.19747103777176309,0
10,708,0,0.019497629081128533,0
11,5076,0,0.028603172425309315,0
12,2247,0,0.9292849909294901,1
13,3836,1,0.7872096856992746,1
14,3578,0,0.09267856282914252,0
15,5100,0,0.005358160232039507,0
16,744,0,0.02938871559869778,0
17,795,1,0.5239805968812326,1
18,3234,0,0.21499195923075842,0
19,1593,0,0.5333780562862923,1
20,3791,1,0.8822151141395764,1
21,171,0,0.32168525390035657,0
22,899,0,0.26604371065104354,0
23,1230,0,0.039088357357383925,0
24,5192,0,0.03976655987788174,0
25,2152,1,0.48542541510944315,0
26,1730,0,0.01872575981224634,0
27,5215,0,0.060119488645310575,0
28,2201,0,0.321773523615729,0
29,1520,0,0.07709759822932628,0
30,3050,1,0.5663837969765032,1
31,5035,0,0.010647320351620599,0
32,4728,1,0.9451492339807964,1
33,3965,0,0.20606043743279412,0
34,2801,0,0.3176515453990495,0
35,2359,0,0.4625662980312975,0
36,3361,0,0.12184785571890366,0
37,108,0,0.013684569349199604,0
38,4129,1,0.17303522602350832,0
39,1557,0,0.42592146965078104,0
40,2429,0,0.05730989458797381,0
41,1940,0,0.0048345324380619495,0
42,3287,0,0.12590282350351933,0
43,5005,0,0.006137033479184144,0
44,3233,0,0.011987975128590537,0
45,2585,1,0.6698206310851919,1
46,2103,1,0.5550210258430999,1
47,71,0,0.2926096056830755,0
48,4903,0,0.06329320388396498,0
49,4711,0,0.4783650905433669,0
50,3608,1,0.6028476898106123,1
51,4574,1,0.26768138329060254,0
52,3826,0,0.11125985028637266,0
53,3930,0,4.736261366266943e-09,0
54,326,0,0.017079324175407425,0
55,1181,0,0.00015842278009914107,0
56,2155,0,0.012294426137855405,0
57,496,0,0.026381024536839423,0
58,3614,1,0.062333777899357914,0
59,116,0,0.020552854741420556,0
60,1476,0,0.019841637745038877,0
61,2038,0,0.27131985008129145,0
62,1069,0,0.026509436502653833,0
63,1757,1,0.8434779083152216,1
64,805,0,0.05785366122569024,0
65,3070,0,0.0008729195808352419,0
66,4587,0,0.00016851415715284698,0
67,3877,0,0.03484849308898713,0
68,677,1,0.3638884058970603,0
69,818,1,0.5500965431847192,1
70,4815,0,0.10819901795817867,0
71,4918,0,0.34639284785724067,0
72,5248,0,0.010894951524348473,0
73,493,0,0.2656827317685166,0
74,4997,1,0.049698488116862935,0
75,3276,0,0.1151303258294219,0
76,703,1,0.5593123679065947,1
77,1939,0,0.057156528385577186,0
78,2552,0,0.3962395217923053,0
79,3653,0,0.05095772587789201,0
80,1596,1,0.3373752012802969,0
81,3834,1,0.19668711613747522,0
82,2504,1,0.7570284680605558,1
83,3684,0,0.04559453959279622,0
84,3156,1,0.3479237590756883,0
85,723,0,0.4519317681681248,0
86,1623,1,0.5889024834290314,1
87,2872,1,0.7624850070822263,1
88,514,0,0.11880603274305152,0
89,3343,0,0.06692576549794774,0
90,3838,0,0.02724162464431735,0
91,271,0,0.032184124429012424,0
92,4362,0,0.5105036057643952,1
93,279,0,0.031550061673153,0
94,2008,0,0.7992881585505883,1
95,3148,0,0.013930947334007415,0
96,2084,1,0.7049844996298377,1
97,2710,0,0.13004868151101467,0
98,233,1,0.925116514226542,1
99,4199,1,0.9698173183301396,1
100,4688,0,0.0021118182128937826,0
101,1566,0,0.05904989123823193,0
102,1768,1,0.8948515353134812,1
103,1607,1,0.9118103611785552,1
104,1919,1,0.9989477784057408,1
105,5314,0,0.002721288201253741,0
106,3495,0,0.008866526165371012,0
107,2345,0,0.0006256748872244443,0
108,349,0,0.730805674070103,1
109,1673,0,0.5070152228747546,1
110,2060,0,0.004749405684141676,0
111,2165,0,0.022124213871317383,0
112,1798,0,0.016362422003384218,0
113,1787,0,0.0257294987496954,0
114,3872,0,0.05995863706148141,0
115,585,1,0.17559211701986135,0
116,3382,1,0.5659386080741607,1
117,3087,0,0.00020856418311138242,0
118,2466,1,0.8695699681425993,1
119,3292,0,0.003197786122694878,0
120,4846,0,0.07854863835796969,0
121,4912,0,0.7277379588436333,1
122,384,0,0.8449481226003789,1
123,1279,0,0.04926292469483698,0
124,322,1,0.8569623405489165,1
125,4197,0,0.3861628317103702,0
126,3490,0,0.00024078022058142862,0
127,3143,0,0.8951701384065206,1
128,751,1,0.9174532966401504,1
129,5277,1,0.5722339263320299,1
130,5086,1,0.6808053782187857,1
131,3187,0,0.08227202063854165,0
132,4775,0,0.0023256667485147494,0
133,3079,0,0.07938890614543476,0
134,4799,0,0.04395957883412593,0
135,416,0,0.003924863688485765,0
136,3948,0,0.07727706284506958,0
137,285,0,0.07467632148557389,0
138,799,0,0.0006431722112058121,0
139,956,0,0.007918105057452196,0
140,2641,0,0.5324028007816843,1
141,1425,0,0.0029798204621240736,0
142,572,0,0.1966256274839329,0
143,3918,0,0.053103052484749974,0
144,1474,1,0.6600747032208432,1
145,4330,0,0.050020812122140525,0
146,608,0,0.01349976679008132,0
147,2634,0,0.021397778480467478,0
148,297,0,0.04078936281355604,0
149,3329,0,0.021443165580754497,0
150,1475,0,0.14166717371318832,0
151,5212,0,0.023453018523991766,0
152,4947,0,0.0044211434278163585,0
153,2416,0,0.2647186171559502,0
154,3323,0,0.018650731230288153,0
155,2948,0,0.034857592403816834,0
156,3200,0,0.0039257334299285665,0
157,4295,1,0.057095315259958083,0
158,3314,0,0.04768356044585158,0
159,316,0,0.008269838058548872,0
160,2248,0,0.023410042752622543,0
161,3837,0,0.005859581950688346,0
162,2823,1,0.7953419273788949,1
163,3441,0,2.3514532706718983e-05,0
164,3940,0,0.0023880340932237684,0
165,1663,0,0.0667944619658091,0
166,4956,0,0.02657398590873527,0
167,802,1,0.06585719669638933,0
168,4110,1,0.912742152777455,1
169,84,0,0.02631883692394354,0
170,3602,0,0.03613089793605342,0
171,3375,0,0.0018543106149691816,0
172,4611,0,1.0213373721260246e-06,0
173,1192,0,0.1861657696099146,0
174,4867,0,0.04748263242623937,0
175,5243,1,0.8436814176472075,1
176,3398,0,0.06936945172875957,0
177,1926,1,0.144463487048133,0
178,3629,0,0.0010386331448387451,0
179,1289,0,0.00425407653358974,0
180,2219,0,0.0022429863881908586,0
181,3974,1,0.25974202311084404,0
182,1335,0,0.06728632068506207,0
183,3224,0,0.047406892767023895,0
184,3693,0,0.003371340050603949,0
185,4286,0,0.0015618560569251603,0
186,4537,0,0.009151563677580611,0
187,5301,0,0.31906297156740854,0
188,4666,1,0.3133158416502534,0
189,1525,0,0.08709025012533875,0
190,975,1,0.9871870644122435,1
191,1298,1,0.13890333078615882,0
192,522,0,0.09729027395098594,0
193,4619,0,0.0007323531141394577,0
194,4067,1,0.7356212025819351,1
195,3828,0,0.12438053407986296,0
196,1913,0,2.5097042637844476e-06,0
197,2262,1,0.6791521765158216,1
198,1362,0,0.020868680421798347,0
199,373,1,0.7673079902426383,1
200,1208,0,0.0005806467387965888,0
201,3569,0,3.6399608033864396e-05,0
202,826,0,0.1457441143912756,0
203,4117,1,0.61286823906596,1
204,3039,1,0.7514766795189436,1
205,3631,0,0.03366472823013888,0
206,4231,0,0.03379938599055246,0
207,3998,0,0.0489479623696139,0
208,1278,0,0.02813937953643998,0
209,1435,0,0.023222296815487924,0
210,4968,0,0.6736582331333704,1
211,66,0,0.04843019806138198,0
212,1367,1,0.9861104195447274,1
213,2600,0,0.09890571595983803,0
214,284,0,0.6465996423389713,1
215,648,0,0.20560424801057642,0
216,2896,0,0.10721176346849692,0
217,4568,0,0.007250075232352006,0
218,4254,0,0.01711768675813612,0
219,5064,1,0.2003979489753488,0
220,3841,0,0.22784379016790215,0
221,1284,0,0.08213275153449719,0
222,4379,0,0.06949110981568021,0
223,3979,1,0.7734322079803344,1
224,3266,1,0.2693599071484948,0
225,1416,1,0.13766974423405884,0
226,4564,1,0.9599412400029524,1
227,1877,0,0.08999922411307364,0
228,688,0,0.007923825337553592,0
229,3745,0,0.06284231277742347,0
230,4357,0,0.05748057148807388,0
231,4856,0,2.2939819148368556e-06,0
232,5024,0,0.8731330644874419,1
233,5031,1,2.2245916852299e-07,0
234,3513,0,0.07565527113371644,0
235,3380,0,0.5848767890078385,1
236,2276,0,0.12605015650824308,0
237,1148,0,0.2175165583218774,0
238,3523,1,0.821342139020231,1
239,1732,0,0.042861438289948726,0
240,4691,0,0.28025371276083133,0
241,1948,0,0.21711013738287896,0
242,3775,0,0.47358792959662,0
243,728,0,0.01647175346157386,0
244,3621,0,0.008465457880920239,0
245,4260,0,0.029234732124932786,0
246,2042,0,0.0038123599833882744,0
247,1058,0,0.0348574111526466,0
248,2010,0,0.3567256079454318,0
249,914,0,0.030796124364157042,0
250,5231,0,0.15338006432283116,0
251,1189,0,0.17978829082525394,0
252,2242,0,1.004142758127744e-05,0
253,2541,0,0.02428013773454583,0
254,4334,1,0.3160186362607468,0
255,3140,0,0.0005444301204824381,0
256,4147,0,0.009381604086390233,0
257,1124,1,0.8826496667175625,1
258,1974,0,0.15774456225845135,0
259,2918,1,0.975034799366699,1
260,4884,0,0.0007674603067781027,0
261,3959,0,0.009216432725113317,0
262,1724,0,0.003954206463758731,0
263,254,0,0.01642365396493371,0
264,921,0,0.03322151974707299,0
265,1388,0,4.997565362361517e-05,0
266,3282,0,0.0006153553078710659,0
267,5175,0,0.2642060170708591,0
268,1784,1,0.37071156897217256,0
269,3771,0,0.11561356888855831,0
270,983,1,0.20926848640209084,0
271,2006,0,0.8828830085743262,1
272,4351,0,0.025425890945135976,0
273,4550,0,0.018709497676781907,0
274,3138,0,0.001990270494826372,0
275,2725,0,0.11397219320557252,0
276,801,0,0.013972479150984094,0
277,138,0,0.07472098231849054,0
278,4908,0,0.044005747547068694,0
279,761,0,0.16660914610785554,0
280,1937,0,0.07588987607695553,0
281,223,0,0.03756871559911001,0
282,3753,1,0.9392698020487372,1
283,470,0,0.13286459843856865,0
284,4018,0,0.07492890310995295,0
285,4998,0,0.6035926191792359,1
286,3453,0,0.054920186366077026,0
287,5159,1,0.4081757615784465,0
288,2497,0,0.08859033107387097,0
289,4255,0,0.004886434593615675,0
290,1157,0,0.005797274573468717,0
291,853,0,0.05637641077236118,0
292,2310,1,0.5028857784228481,1
293,68,0,0.18203480330492527,0
294,2671,1,0.6343493344490585,1
295,876,0,0.3992731413378439,0
296,1237,0,0.005791242067964818,0
297,3147,0,0.039146426252872096,0
298,305,1,0.22086417434034755,0
299,137,0,0.16020380186539235,0
300,3809,1,0.02296427267873469,0
301,3332,0,0.01992915784007159,0
302,1396,0,0.005887261232532672,0
303,4239,1,0.5389904113442159,1
304,3182,0,0.0667944619658091,0
305,3461,0,0.0026671211790562097,0
306,2908,0,0.013706972320336904,0
307,2782,1,0.9849831486144802,1
308,1602,0,0.06563326949928269,0
309,3402,0,0.3540617859405879,0
310,5132,0,0.007366948883536379,0
311,5229,1,0.33197077108389167,0
312,1109,0,0.08476199187083062,0
313,3955,1,0.023668062844245403,0
314,145,0,0.13755889934234947,0
315,3369,0,0.002917202863279672,0
316,3583,0,0.014118537160636881,0
317,5251,0,0.09678564412080494,0
318,2964,1,0.9875140877143883,1
319,900,0,0.08323561404669011,0
320,858,0,0.005829467646798157,0
321,724,0,0.03751025753595207,0
322,204,0,0.0051766139955342644,0
323,965,0,0.38141179039698503,0
324,3511,0,0.20272101168740084,0
325,4558,1,0.06049523369670084,0
326,4639,0,0.04461832192535627,0
327,381,0,0.04446356299995786,0
328,1570,0,0.046190947417694174,0
329,2881,0,0.2507611123211,0
330,1334,0,0.002304573322269004,0
331,1552,0,0.0030185526462853493,0
332,4736,0,0.0809237490281804,0
333,3162,0,0.010156330651359121,0
334,3552,0,0.07547489139272096,0
335,1392,1,0.34600520991045725,0
336,2549,0,0.09098231311613612,0
337,2269,0,0.007368726307152444,0
338,4063,0,0.2393125324090603,0
339,1015,0,0.021711159474290972,0
340,4942,1,0.062112010528469125,0
341,4148,0,0.07426675986381695,0
342,357,0,0.00981752314428682,0
343,4011,0,0.09281724466053437,0
344,4119,0,0.03484487279408624,0
345,2715,0,0.0012223685500759927,0
346,5179,0,0.07691106985733524,0
347,536,0,0.02876832328031238,0
348,3603,0,0.0006175696737080196,0
349,2628,0,0.05463844994934526,0
350,2606,1,0.6703615887262284,1
351,2304,1,0.6920706168628379,1
352,3015,0,8.466517123961961e-05,0
353,3656,0,1.9524178541449902e-07,0
354,2533,0,0.8403149444538008,1
355,3723,0,0.014135016944978396,0
356,1400,1,0.47211420973954604,0
357,753,1,0.9217638451873515,1
358,3262,0,0.013510047075342663,0
359,5122,0,0.007271816170991983,0
360,1213,0,0.06107888484466547,0
361,3194,0,0.3111878159711111,0
362,2418,0,0.08835452483826403,0
363,4347,0,0.04092129008979594,0
364,1889,1,0.8693514174437894,1
365,5204,1,0.04952103032620311,0
366,5273,1,0.5958557491796219,1
367,4051,0,0.783786544486599,1
368,3146,1,0.9280058432412671,1
369,5142,0,0.008621165154153013,0
370,2373,0,0.7298594342484527,1
371,4491,0,7.708424229368377e-05,0
372,3454,1,0.5695976644905175,1
373,2805,0,0.1845824702163888,0
374,525,0,0.05579510509884536,0
375,3516,0,0.039617660235719186,0
376,4388,0,0.19229008350942733,0
377,3549,1,0.979356498723472,1
378,3171,0,0.11585718400988858,0
379,4686,0,0.06195935794690818,0
380,1857,1,0.9938211199324964,1
381,2571,0,0.023471291368817697,0
382,5235,1,0.2854845826246888,0
383,1311,1,0.13681851034787182,0
384,4182,0,0.007321703992874917,0
385,3045,0,0.0001313689604018494,0
386,1419,0,0.044723554961678416,0
387,4593,0,0.43811510583678903,0
388,3810,0,0.012881886052588857,0
389,2999,0,0.024794273493687593,0
390,3229,0,0.04899023088596481,0
391,3240,0,0.00490767522621807,0
392,4647,0,0.08796925712079012,0
393,2897,1,0.9561477272886694,1
394,2156,0,3.1428453447968873e-06,0
395,1994,1,0.8280242116893257,1
396,557,0,0.9365548766488271,1
397,2783,0,0.01692661473681683,0
398,1460,0,0.1476170946963474,0
399,3888,0,0.36766632146100275,0
400,735,0,0.2898119458616453,0
401,568,0,0.019836560666468266,0
402,3856,0,0.007393934439790434,0
403,1653,0,0.022873472178522043,0
404,4865,0,0.00020741589083612984,0
405,933,0,0.0005791296624275675,0
406,4287,0,0.041532938282846245,0
407,1455,1,0.8896065342550619,1
408,2332,1,0.953031780333639,1
409,4175,1,0.09331253399859366,0
410,4003,0,0.17612431229656578,0
411,2629,0,0.8616179737494685,1
412,3272,0,4.697500827772467e-09,0
413,3180,0,0.040957387620424154,0
414,3064,1,0.7799676410009527,1
415,4028,1,0.5855024400792032,1
416,1775,0,0.5732064815737756,1
417,2200,0,0.1146253226734294,0
418,265,0,0.00025456129064348117,0
419,3336,0,0.008887638518905505,0
420,4201,0,0.0014018587617012444,0
421,3763,0,0.005475455199924118,0
422,1981,0,0.002381182582154439,0
423,1268,0,0.00044880514010128266,0
424,2773,1,0.9256166797581163,1
425,365,0,0.04793304347812694,0
426,224,1,0.1303521345931275,0
427,3278,0,0.692421847737607,1
428,565,0,0.106372981051575,0
429,2011,0,0.09177452165831343,0
430,1582,0,0.011350281220427902,0
431,5281,0,0.42779282355664966,0
432,2002,0,0.03964432519084425,0
433,4698,0,0.0012527079753420082,0
434,2640,0,0.030883486711012192,0
435,1719,1,0.9422152973610917,1
436,3450,0,0.0755536602064539,0
437,1614,0,0.07578878493065201,0
438,2477,0,0.002849651208487019,0
439,2035,1,0.530231950395907,1
440,662,0,0.0007639327693796159,0
441,5129,0,0.09818548988684225,0
442,3924,0,0.01633298629606643,0
443,125,1,0.8064949491965704,1
444,3328,0,0.018989008188793073,0
445,5084,0,0.06485093805321414,0
446,4675,0,0.03758479560793449,0
447,4186,0,0.003466189441384719,0
448,5088,0,0.18324871470951887,0
449,4934,0,0.3692805479259644,0
450,1007,0,0.014207350619415806,0
451,2133,0,0.1355491264529776,0
452,987,0,0.001681020429424424,0
453,748,0,0.06864219095516341,0
454,3080,0,0.11376208524051762,0
455,2860,1,0.8489906356091272,1
456,4579,0,0.019181828382999797,0
457,1137,0,9.42652815251954e-09,0
458,4898,0,2.6745886330978195e-06,0
459,3969,0,0.19146020337570177,0
460,635,1,0.4807177930502152,0
461,1578,1,0.6258272998907702,1
462,2926,1,0.1698149789601501,0
463,2766,0,0.014632048703583337,0
464,5038,0,0.13315104438269784,0
465,3013,1,0.05477547107690523,0
466,3735,0,0.10471943871474614,0
467,2551,0,0.04072370773657885,0
468,5166,1,0.918224626677561,1
469,2564,0,0.044323764437768545,0
470,1169,0,0.03574966189620758,0
471,4102,0,0.004357137832822336,0
472,4617,0,0.4451826950113698,0
473,252,0,0.00026325378850412665,0
474,3330,1,0.9494912105484326,1
475,3435,0,0.046267040709417506,0
476,1501,1,0.8805807266668264,1
477,1573,0,0.04862967790356006,0
478,3102,1,0.9992169340727465,1
479,4521,0,0.04064593843559715,0
480,3038,1,0.9541696446895267,1
481,855,1,0.05060587907889213,0
482,4065,0,0.028491942260345248,0
483,2336,0,0.5949959423793892,1
484,2998,0,0.04956372018437539,0
485,4805,1,0.35019453401825834,0
486,2020,1,0.25378937498458587,0
487,4823,1,0.8414921691934596,1
488,5186,0,0.011775942615701385,0
489,988,0,0.11527422336658479,0
490,590,0,0.08289013389984928,0
491,477,0,0.41874600165580583,0
492,632,0,0.00014252747401717795,0
493,3565,1,0.38519600280473404,0
494,74,0,0.04039399337485513,0
495,4066,0,0.3016732367908077,0
496,219,1,0.38590411605716185,0
497,4955,0,0.0034360028093815675,0
498,1201,1,0.7209570462813502,1
499,2744,0,0.0028148817816368616,0
500,3388,0,0.13756187210579993,0
501,1071,1,0.5208664089905553,1
502,1664,0,0.06040798056629204,0
503,527,0,0.10190929506525052,0
504,1059,0,0.060597061943811675,0
505,1141,0,0.02604426945513851,0
506,979,0,0.006035098392344275,0
507,947,0,0.01122653120231704,0
508,4933,0,0.12591535984492697,0
509,1725,0,0.007900750799165246,0
510,4864,0,0.04073420344246678,0
511,4757,0,0.5660266183740413,1
512,1543,0,0.01012767575492005,0
513,3396,0,0.004068947066675325,0
514,2808,0,0.009147211581344938,0
515,3370,1,0.11986408139130478,0
516,3133,0,0.003258869722112336,0
517,2460,0,0.01633940259645895,0
518,2419,0,0.07201833644801812,0
519,2465,1,0.8206400901268731,1
520,3962,0,0.03964432519084425,0
521,582,0,0.027820420807762706,0
522,809,0,0.9155630971991703,1
523,4431,0,0.15413537808655975,0
524,2331,0,0.032725617064649194,0
525,814,0,0.013815475116171877,0
526,3770,1,0.9392698020487373,1
527,383,1,0.6008060983818756,1
528,4761,1,0.016561842482025968,0
529,4498,1,0.7207109315504384,1
530,446,0,0.027248375329404058,0
531,37,0,0.9678782602865175,1
532,4275,0,0.08089700644687803,0
533,992,0,0.07162660604913691,0
534,559,0,0.04957611286548216,0
535,4948,0,0.10022439284691737,0
536,453,0,0.18542729451671094,0
537,2344,0,0.02824115212337686,0
538,5119,1,0.623719821210111,1
539,2568,1,0.5099847585921926,1
540,24,0,0.0010224026841703286,0
541,1224,0,0.09627598084944522,0
542,4109,0,0.005223259484503588,0
543,2047,0,5.139224955904082e-10,0
544,1753,0,0.1813226449828784,0
545,3668,0,0.0009274594522260157,0
546,2869,0,0.021713367826775496,0
547,4585,0,0.9886766251506481,1
548,2085,0,0.036777290833890086,0
549,4919,1,0.24150477099757164,0
550,4459,0,0.6884886423454941,1
551,2584,1,0.7310865683087531,1
552,1326,0,0.03517835142676207,0
553,3525,0,0.00042277001226794165,0
554,990,1,0.20025859699545526,0
555,3662,0,0.07848616870117342,0
556,1683,0,0.5036351348409357,1
557,692,0,0.19667121754625125,0
558,1445,1,0.9287086062830641,1
559,2154,0,0.017527936957834427,0
560,3787,0,0.17941249393927292,0
561,2354,0,0.04803948687698128,0
562,4320,0,0.07313960514758198,0
563,828,0,0.012515548018479155,0
564,320,0,0.02376988899184936,0
565,2991,0,0.21813644031366433,0
566,1679,1,0.1038613581415114,0
567,3658,0,0.3774546592699164,0
568,4467,1,0.27131985008129283,0
569,2540,1,0.9952596488215759,1
570,788,0,0.13797792244611565,0
571,1422,0,0.0060770299493872445,0
572,2947,0,0.003855366097418306,0
573,4326,1,0.5624827942642956,1
574,166,0,0.0011566057482901456,0
575,2197,0,0.06025462950501834,0
576,4211,0,0.00537277841372386,0
577,3055,0,0.009229502127537976,0
578,2366,0,0.12970565456069763,0
579,2135,0,5.472088467571864e-06,0
580,3083,0,0.06694444508859743,0
581,198,0,0.39889626370369874,0
582,5214,0,0.008387482630158835,0
583,1765,1,0.7346967366955706,1
584,4024,0,0.24599507575163349,0
585,1402,1,0.9517014327644903,1
586,4370,0,0.680616475898604,1
587,2927,0,0.008880756386726337,0
588,2598,0,0.2980953771067801,0
589,666,1,0.5903434833821194,1
590,1875,0,0.004315686598349629,0
591,251,1,0.9668985503568465,1
592,467,0,0.004011378791531131,0
593,3264,0,0.016420614050814606,0
594,272,0,0.06025462950501834,0
595,3046,1,0.9199316805995258,1
596,4429,0,0.018043292223558806,0
597,4588,0,0.03144960103917969,0
598,1802,0,0.15331353920761012,0
599,936,0,0.08861195995331361,0
600,1862,0,0.030542515130699836,0
601,2421,1,0.9740032829618562,1
602,3785,0,0.1793777895349716,0
603,3096,0,0.654540946480566,1
604,3261,1,0.2433144747580755,0
605,442,0,0.026015494434658264,0
606,3615,0,0.018202000894812158,0
607,4566,0,0.5014629417569577,1
608,2114,0,0.002885824070901491,0
609,4628,1,0.9956001200004355,1
610,3188,0,0.0013944760551566507,0
611,215,1,0.48699684242840047,0
612,4116,0,0.49029257375288193,0
613,4833,0,0.26440524556554773,0
614,2019,0,0.15642421247572943,0
615,2853,0,0.0004112163005752145,0
616,238,0,0.003432615734008534,0
617,2096,1,0.8826496667175625,1
618,4544,0,0.7788748212331091,1
619,5261,1,0.499809270863342,0
620,2352,1,0.8414238779203964,1
621,2891,0,0.010719460169530973,0
622,932,1,0.9392698020487372,1
623,4133,0,0.5492131608744372,1
624,954,1,0.28663073801250516,0
625,4366,0,0.0005615970497035559,0
626,4581,0,0.005906537090828347,0
627,3071,1,0.8475538179496082,1
628,1358,0,0.0727929126989239,0
629,3824,0,0.12556457408948804,0
630,1113,1,0.9393678314412568,1
631,4446,1,0.32962799667786574,0
632,589,0,0.03462237595263184,0
633,1711,0,0.8377251944425781,1
634,3349,0,0.025861770543229644,0
635,2692,0,0.007210900091146666,0
636,1720,0,0.0008757722603144057,0
637,1835,0,0.00541916351051163,0
638,2380,1,0.6220629021702854,1
639,808,0,0.01299070026837178,0
640,4777,0,5.726771233265556e-07,0
641,4996,0,0.9171637688763769,1
642,1153,0,0.06398070533867782,0
643,2044,0,0.035760316173948425,0
644,1924,1,0.9391268645423297,1
645,3993,1,0.003529899073967288,0
646,889,1,0.05719347313384971,0
647,2169,0,0.033970168615047175,0
648,4031,1,0.5590152108179939,1
649,4979,0,0.0040615322065298476,0
650,2227,0,0.06792604331174494,0
651,5211,0,0.006013340600570142,0
652,2973,0,0.00035849739591151667,0
653,4289,0,0.775453311141502,1
654,3226,0,0.13665960186328377,0
655,3456,0,0.2696260888279875,0
656,2647,1,0.9932955081109209,1
657,3353,0,0.02209407633182074,0
658,3427,0,0.5474369208496236,1
659,2086,0,0.030954143071057847,0
660,164,1,0.6545328315241887,1
661,1266,1,0.2594787852072081,0
662,3113,0,0.023444320788791117,0
663,3558,0,0.042252497080583096,0
664,2799,0,0.008466959132754696,0
665,1697,0,0.11114529186716565,0
666,2209,0,0.10895705385159836,0
667,418,1,0.8021099877371032,1
668,3012,0,0.04534935377000736,0
669,971,0,0.23728973916424909,0
670,1125,1,0.8305426945330582,1
671,614,0,0.08208605615519048,0
672,3741,1,0.9935779276958194,1
673,1761,0,0.00017957855316562044,0
674,874,0,0.03792666828386998,0
675,376,0,0.0065895513295789005,0
676,2027,0,0.4228963952098707,0
677,3637,0,0.031349595880926666,0
678,5278,0,0.7356084397344552,1
679,460,0,0.2597084416137756,0
680,3430,0,5.472088450205234e-06,0
681,1718,0,0.015220945099285902,0
682,2737,1,0.9100652840837129,1
683,1033,0,0.10619654854865361,0
684,2537,0,0.48471974152959835,0
685,3909,0,0.6003785908146089,1
686,367,0,0.0630696940746803,0
687,183,1,0.9893735109375137,1
688,3760,0,0.05899784311200035,0
689,4113,0,0.7568780213928217,1
690,1491,0,0.8249757348388349,1
691,4196,0,0.4571834151928593,0
692,2689,1,0.9951251626649599,1
693,1886,0,0.006036097497305828,0
694,2741,1,0.20059235890973096,0
695,5258,0,0.9602301850892551,1
696,4305,1,0.4776289617823881,0
697,4215,0,0.08549311416427213,0
698,5313,0,0.08522342593340398,0
699,3926,0,0.24551701859778152,0
700,3259,0,9.838485241278978e-05,0
701,3408,0,0.019188230357830568,0
702,1518,1,0.6946639410294856,1
703,3112,0,0.030778451637344627,0
704,2909,1,0.07461726884162746,0
705,1031,0,0.013210241049472068,0
706,3449,0,0.00014972040141981896,0
707,3761,0,0.01789705643180689,0
708,656,0,0.047056592864178376,0
709,4448,0,0.10686860937022488,0
710,3463,1,0.8931227619067534,1
711,4751,0,0.0017936943180709968,0
712,1706,0,0.07316098824992155,0
713,2321,0,0.010698973154256476,0
714,2789,0,0.7656719259563118,1
715,4216,0,1.0850203034735506e-05,0
716,916,0,0.17225550562584613,0
717,2438,0,0.03631325569307283,0
718,3737,0,0.039657574676752474,0
719,1863,0,0.115974847993131,0
720,3327,0,0.0062056807842698234,0
721,3823,0,0.008919834160280542,0
722,2644,1,0.3472141956762458,0
723,2194,0,0.127847930805691,0
724,2393,0,0.08539143702869291,0
725,5203,0,0.47640758138570366,0
726,1019,0,0.21964099140355994,0
727,1854,0,1.5679016908502243e-07,0
728,2398,0,0.023805661285655613,0
729,267,1,0.9325108143038299,1
730,2330,1,0.9584627621375862,1
731,2293,0,0.03997034065794598,0
732,427,0,2.452639598907617e-06,0
733,364,0,0.23397126897393766,0
734,3124,0,0.16043675975175248,0
735,3748,1,0.039801300624173946,0
736,202,1,0.8489857644581985,1
737,1433,1,0.23201507632562313,0
738,1092,0,0.0007316673052289555,0
739,2485,1,0.01658768394946817,0
740,3726,1,0.002114681304865542,0
741,3123,0,0.005171610325443128,0
742,2780,0,0.21936366550485162,0
743,3971,0,0.03438280779775565,0
744,2505,0,0.0942180861729648,0
745,2290,0,0.5312288497513566,1
746,4676,0,0.0506791428426006,0
747,5110,0,0.001995110534072538,0
748,143,1,0.8667827460995153,1
749,1457,0,0.025875087234649492,0
750,4140,0,2.4681998841795044e-05,0
751,378,0,0.011299103611970212,0
752,2742,1,0.009723648051575978,0
753,2362,1,0.9280166299105667,1
754,612,1,0.1955791738456961,0
755,2015,1,0.9774265367633811,1
756,776,0,0.12243356595824646,0
757,3049,0,0.06674778706225633,0
758,1150,0,0.8092494681582335,1
759,280,0,0.5453619656821419,1
760,5219,0,0.004655083762668083,0
761,624,0,0.08702352601932058,0
762,4512,0,0.060637307107963855,0
763,1550,0,0.07454338048271965,0
764,4207,1,0.9517779905347084,1
765,578,0,0.0624032853825404,0
766,2570,0,0.39417049265714876,0
767,501,0,0.006706254732671092,0
768,3687,0,0.05469135756300448,0
769,3819,1,0.940729563107271,1
770,4786,0,0.017840301505781007,0
771,3529,1,0.9662213656117299,1
772,129,1,0.7126108651011133,1
773,41,0,0.5833831508148355,1
774,3568,0,8.302387211613938e-05,0
775,1777,1,0.0723529676635585,0
776,2069,1,0.2924037876342391,0
777,3225,0,0.03363024143461285,0
778,1767,1,0.3408794368580939,0
779,2179,0,0.057154044122880755,0
780,5200,0,0.2908232818898842,0
781,4653,1,0.812495195643632,1
782,3485,0,0.0224443387708066,0
783,3755,0,0.5499079441806122,1
784,3831,1,0.8625243628795628,1
785,2211,0,0.007958302201106073,0
786,1149,0,0.05497387105067835,0
787,2364,0,0.04647012364490025,0
788,3443,0,0.180774669296874,0
789,1156,1,0.40613415470578446,0
790,4614,0,0.008794701622668299,0
791,3307,0,0.002977218014864898,0
792,2412,0,0.29809537710677875,0
793,2519,0,0.00351081824294957,0
794,4999,1,0.004445680562513952,0
795,5207,0,0.0010563898267231234,0
796,5218,0,0.5906999281947548,1
797,2400,0,0.012672497265117917,0
798,693,1,0.7800582841901962,1
799,2112,1,0.975556731671017,1
800,5205,0,0.04793350406685311,0
801,4402,0,0.0007739009572329165,0
802,4130,0,1.9480591409350518e-05,0
803,1813,1,0.6163676559804947,1
804,1429,0,0.002434678903713083,0
805,1647,0,0.02487520829247951,0
806,1584,0,0.056701435443682786,0
807,85,0,0.15009866883650874,0
808,2181,0,0.115422994345155,0
809,898,0,0.08195005333252994,0
810,2062,0,0.7924730966735551,1
811,5210,1,0.4477258529695434,0
812,4963,1,0.640500645803716,1
813,64,1,0.42361762051832585,0
814,3600,1,0.7786635545792103,1
815,3052,0,0.055502938442348035,0
816,644,0,0.09027982412725205,0
817,681,0,0.021497312936644832,0
818,3966,0,0.003930814586912413,0
819,946,0,0.00017384304219366593,0
820,1100,0,0.0019194737232638324,0
821,2371,1,0.8826496667175625,1
822,2012,0,0.09305080878121698,0
823,4227,0,0.034810664877404085,0
824,3205,0,0.04956372018437527,0
825,2894,0,0.007831912693182775,0
826,2145,0,0.8209918071407662,1
827,4638,0,0.12152915913611606,0
828,1687,0,0.004730406828637348,0
829,1486,1,0.6885146641031281,1
830,2888,1,0.3195268584100233,0
831,75,0,0.0011161343648992319,0
832,4398,1,0.2921802678508119,0
833,4126,0,0.000575992889690047,0
834,518,0,1.515665708693986e-07,0
835,1221,0,0.0006738838317775299,0
836,2243,0,0.07142844941555955,0
837,52,0,0.003748696291233648,0
838,2636,0,0.00027536017661080795,0
839,2097,0,0.12681916620061992,0
840,2357,0,0.09907876441685971,0
841,2522,0,0.031504708169079645,0
842,1826,0,0.858649266420642,1
843,2778,0,0.02335822903076429,0
844,5246,0,1.2836092306820482e-06,0
845,1560,0,0.021038539264929136,0
846,1642,0,0.11625331170161078,0
847,4094,0,0.0044911600959162455,0
848,3002,0,0.023304889828086723,0
