,ames_mutagenicity
BrC1CC(Br)CC(Br)CC(Br)CC(Br)CC(Br)C1,0.004352000541985035
O=c1c2cc(F)ccc2nc(-n2cncn2)n1-c1ccc(Cl)cc1Cl,0.010819298215210438
O=C1CC2SCC=CN12,0.0032322427723556757
CCc1nc2c(o1)CC(CC(C)S(=O)(=O)CC)CC2=O,0.003422247711569071
Nc1ncn(C2OC(CO)C(O)C2O)c(=O)n1,0.0021959329023957253
CCOC(=O)C(CCc1ccccc1)NC(C)C(=O)N(CC(=O)O)C1Cc2ccccc2C1,0.010479291900992393
O=[N+]([O-])c1cc(S(=O)(=O)Nc2ccccc2)ccc1Nc1ccccc1,0.003002298530191183
Cc1cc(C(=O)NNCc2ccccc2)no1,0.03909677267074585
CC1C(c2ccc(Cl)cc2)SC(=O)N1C(=O)NC1CCCC(O)C1,0.006183937191963196
CCOC(=O)C(CCc1ccccc1)NC(C)C(=O)N1C(C(=O)O)C[C@H]2CCCC[C@@H]21,0.01019459031522274
CC(=O)c1c(O)cc(C)oc1=O,0.0024610983673483133
CC1=C(C(N)=O)[S+]([O-])CCO1,0.00422633346170187
COC(=O)C1=C(C)N=C(C)C(C(=O)OC/C=C/c2ccccc2)C1c1cccc([N+](=O)[O-])c1,0.024080846458673477
c1ccc(CSCc2ccccc2)cc1,0.0020019051153212786
O=C(O)C1CS[C@H](c2ccccc2O)N1C(=O)CCSSCCC(=O)N1C(C(=O)O)CS[C@@H]1c1ccccc1O,0.008568898774683475
C1COCCOCCOCCO1,0.002437309827655554
O=C1CCCCCCCCCCCCCCO1,0.0034070531837642193
CCCC(=NOCC)C1C(=O)CC(C2CCCSC2)CC1=O,0.0072593288496136665
Cc1nnc(-c2ccccc2)c(=O)n1N,0.027764201164245605
CN(C)CCN(Cc1ccsc1)c1ccccn1,0.024034088477492332
CCON=C(CC)C1C(=O)CC(c2c(C)cc(C)cc2C)CC1=O,0.005340800620615482
CC1(C(=O)Nc2ccc(O)c(Cl)c2Cl)CCCCC1,0.013778628781437874
CC1=NC(=N)C(C(=O)OC2CN(C(c3ccccc3)c3ccccc3)C2)C(c2cccc([N+](=O)[O-])c2)C1C(=O)OC(C)C,0.013068068772554398
CC1(C)Nc2nc(=O)[nH]c(=O)n2C1O,0.0016288853948935866
C1CSCCS1,0.005055610556155443
ClC1=C(Cl)C2(Cl)C3C4OC4C(Cl)C3C1(Cl)C2(Cl)Cl,0.005133236292749643
CCCCc1c(C)[nH]c(NCC)nc1=O,0.0032338211312890053
O=C(NCCc1ncc(C(F)(F)F)cc1Cl)c1ccccc1C(F)(F)F,0.007548083551228046
C[C@]12CC[C@H](OC(=O)/C=C/c3cccc(N(CCCl)CCCl)c3)CC1=CC[C@@H]1[C@@H]2CC[C@]2(C)NC(=O)CC[C@@H]12,0.03453868255019188
C[C@]12CC[C@H](O)C[C@@H]1CC[C@@H]1[C@@H]2CC[C@]2(C)NC(=O)CC[C@@H]12,0.013712596148252487
Nc1nc(N)nc(-c2ccccc2)n1,0.007468578405678272
CCO[C@@H]1[C@@H](OC)[C@H](C)O[C@@H](O[C@@H]2C[C@H]3CC[C@@H]4C(=CC5C(=O)C(C)[C@@H](OC6CC[C@H](NC)[C@@H](C)O6)CCC[C@H](CC)OC(=O)C[C@H]54)[C@@H]3C2)[C@@H]1OC,0.00762005103752017
NC(=O)c1cc[n+](COCN2C=CC=CC2=C=[NH+]O)cc1,0.009378967806696892
O=c1n(CC2CO2)c(=O)n(CC2CO2)c(=O)n1CC1CO1,0.003968860954046249
COC1=CC=CC=CC1,0.0030631613917648792
CCCCCCC(O)C1C2=C(CC(C(O)C3CC=CC(=O)O3)CC3=C(C(=O)OC3=O)C1O)C(=O)OC2=O,0.0035169548355042934
CC1(C)[C@@H](O[C@H]2OC(C(=O)O)[C@@H](O)[C@H](O)[C@H]2O[C@@H]2OC(C(=O)O)[C@@H](O)[C@H](O)[C@H]2O)CC[C@]2(C)C3C(=O)C=C4C5C[C@@](C)(C(=O)O)CC[C@]5(C)CC[C@@]4(C)[C@]3(C)CC[C@@H]12,0.006181647535413504
Brc1cc(Br)c(OCCOc2c(Br)cc(Br)cc2Br)c(Br)c1,0.006716462317854166
COc1ccc(C(=O)Nc2ccccc2)cc1N=Nc1c(O)c(C(=O)Nc2ccc3[nH]c(=O)[nH]c3c2)cc2ccccc12,0.015527170151472092
C(CCC1CO1)CC1CO1,0.007131834514439106
Cc1c(C(=O)O)ccc(S(C)(=O)=O)c1C1=NOCC1,0.004551080986857414
COc1ccc2c(c1)c(CC(=O)O)c(C)n2C(=O)c1ccc(Cl)cc1,0.01833314448595047
CCN(CC)CCCN(c1ccccc1)C1Cc2ccccc2C1,0.017126522958278656
C1C2CC3CC1CC(C2)C3,0.007656267378479242
CC1(C)C[C@@H](O)/C(=C\c2ccc(Cl)cc2)C1[C@H](O)Cn1cncn1,0.007696544751524925
Cn1cc(C(=O)Nc2cccc3c2[C@H]2CC[C@@H]3[C@H]2C(C)(C)O)c(C(F)F)n1,0.00983729399740696
Nc1nc(N)nc(NC2CC2)n1,0.004623411223292351
CC(=O)O[C@H]1C[C@@H]2C(COC(=O)CC(C)C)=CO[C@@H](OC(=O)CC(C)C)[C@@H]2[C@@]12CO2,0.004002029541879892
C=C1CC[C@H]2C[C@@H]1C2(C)C,0.007439025677740574
Oc1ccc2cc(SSc3ccc4cc(O)ccc4c3)ccc2c1,0.009494260884821415
Cc1oc(=O)oc1CN1CCN(c2cc3c(cc2F)c(=O)c(C(=O)O)c2n3C(C)S2)CC1,0.012779900804162025
C[C@]12CC[C@H](OC(=O)/C=C/c3cccc(N(CCCl)CCCl)c3)C[C@@H]1CC[C@@H]1[C@@H]2CC[C@]2(C)NC(=O)CC[C@@H]12,0.03774021565914154
Cc1c(-c2cnccn2)ssc1=S,0.002693888731300831
CC(=O)NCCc1ccc(O)c(C2C(=O)C(=O)c3c(c(O)c4c(C(=O)O)c(C(=O)O)c(O)cc4c3O)C2=O)c1,0.09617792069911957
COc1cc(C=CC(=O)O[C@H]2CC[C@]34C[C@]35CC[C@]3(C)[C@@H]([C@H](C)CCC=C(C)C)CC[C@@]3(C)[C@@H]5CC[C@H]4C2(C)C)ccc1O,0.014961221255362034
c1ccc(N(c2ccccc2)c2ccccc2)cc1,0.00026011993759311736
O=[N+]([O-])c1ccc(/C=N/C2SNc3ccccc32)o1,0.02162296324968338
CC1(C)SSCC(C(=O)O)NC1=O,0.004185326863080263
NS(=O)(=O)c1cc(C(=O)O)c(NCc2ccco2)cc1Cl,0.0062707108445465565
O=C1c2ccccc2-c2ccc3c4c(ccc1c24)-c1ccccc1C3=O,0.8946810960769653
C[C@H](O)C1C(=O)N2C(C([O])=O)=C([C@@H]3CCCO3)C[C@@H]12,0.0038295979611575603
C1N2CN3CN1CN(C2)C3,0.0045892465859651566
N#Cc1c(O)[nH]c(O)c1-c1cccc2c1OC(F)(F)O2,0.01407262310385704
Nc1ccc(S(=O)(=O)Nc2cnc3c(Cl)cccc3n2)cc1,0.010828271508216858
CC(C)CNC(=O)CSc1nc(Cl)cc(N2CCN(C(=O)C3CC3)C(C)C2)n1,0.0056890142150223255
c1ccc2[nH]c(-c3cscn3)nc2c1,0.02682161144912243
Clc1ccc(COC(Cn2ccnc2)c2ccc(Cl)cc2Cl)cc1,0.008366335183382034
C=C1/C(=C/C=C2/CCC[C@@]3(C)C2CC[C@@H]3[C@H](C)/C=C/C(O)C2CC2)C[C@@H](O)C[C@@H]1O,0.006940780207514763
O=c1c2ccccc2sn1CC1CO1,0.09135792404413223
C1CCC(NC2CCCCC2)CC1,0.003742759581655264
CC(=O)Nc1ccc([C@H]2O[C@@H]2c2ccccc2)cc1,0.06206848472356796
CCO[C@@H]1[C@@H](OC)[C@H](C)OC(O[C@@H]2C[C@H]3CC[C@@H]4C(=CC5C(=O)C(C)C(O[C@H]6CC[C@H](NC=O)[C@@H](C)O6)CCC[C@H](CC)OC(=O)C[C@H]54)[C@@H]3C2)[C@@H]1OC,0.006640119478106499
CC1CCCCC1NC(=O)Nc1ccccc1,0.003953956533223391
CN1C(=O)CC(=O)N(c2ccccc2)c2cc(Cl)ccc21,0.004189175087958574
CCN(CC)c1ccc2c(-c3ccccc3C(=O)O)c3ccc(=[N+](CC)CC)cc-3oc2c1,0.04939703643321991
CC(C)(C)C(O)C(Oc1ccc(-c2ccccc2)cc1)n1cncn1,0.0064228130504488945
CC(=O)O[C@@H]1[C@@H](O)[C@H](O[C@H]2[C@H](OC(=O)C3CC[C@@H]4[C@H](C3)O[C@@]3(C[C@H](OC(=O)/C=C/c5ccccc5)[C@H](C)CO3)[C@]43CO3)O[C@H](C)[C@@H](O)[C@@H]2OC(C)=O)O[C@H](C)[C@H]1O,0.006175934802740812
S=C1NCCN1,0.002303606830537319
c1ccc([C@H]2N[C@H]2c2ccccc2)cc1,0.003820439800620079
O=C1CCC(C(=O)N2CSCC2C(=O)O)N1,0.003991616889834404
Oc1cc2c(cc1O)C1c3ccc(O)c(O)c3OCC1(O)C2,0.011126232333481312
COc1ccc(C(=O)N2CCN(c3ccc4c(c3)CCC(=O)N4)CC2)cc1OC,0.008425538428127766
CCN1CCNC(=O)C1=O,0.0027460830751806498
CC(C)[C@@]1(NC(=O)C2C[C@@H]3c4cccc5[nH]cc(c45)C[C@H]3N(C)C2)O[C@@]2(O)[C@@H]3CCCN3C(=O)C(Cc3ccccc3)N2C1=O,0.015392228960990906
COc1cc(OC)c2c(c1Cl)O[C@]1(C2=O)C(OC)CC(=O)C[C@H]1C,0.008960328996181488
c1ccc([C@H]2N[C@@H]2c2ccccc2)cc1,0.0039389533922076225
CC(C)Oc1cc(-n2nc(C(C)(C)C)oc2=O)c(Cl)cc1Cl,0.004709555767476559
O=C(OC1CCCCC1)c1ccccc1C(=O)OC1CCCCC1,0.0063425349071621895
CCOC(=O)C1(CCCCCCOCc2cccs2)CO1,0.009414182975888252
S=c1[nH]cnc2[nH]cnc12,0.0009116084547713399
CC1(C)CON(Cc2ccccc2Cl)C1=O,0.011538944207131863
N#Cc1ccc(CC(=NNC(=O)Nc2ccc(OC(F)(F)F)cc2)c2cccc(C(F)(F)F)c2)cc1,0.007655522786080837
NC(=O)N1c2ccccc2C2OC2c2ccccc21,0.026619616895914078
CCN(Cc1ccccc1)c1ccccc1,0.0009441908914595842
CC1CCc2c(N3CCC(O)CC3)c(F)cc3c(=O)c(C(=O)O)cn1c23,0.014105437323451042
CC(C)(C)C(=O)C(Oc1ccc(Cl)cc1)n1ccnc1,0.004544484429061413
Nc1cc2nc3ccccc3nc2cc1O,0.10324800759553909
CCOc1ccc(C(C)(C)COC(=O)c2cccc(Oc3ccccc3)c2)cc1,0.005424508824944496
Cc1c(-c2ccccc2)oc2c(C(=O)OCCN3CCCCC3)cccc2c1=O,0.025513453409075737
C1CCC(C2(C3CCCCC3)COCCOCCOCCOCCOCCOCCO2)CC1,0.004271680023521185
CNCc1ccc(CSCCN=C(NCC(O)c2ccc(O)cc2)NS(C)(=O)=O)o1,0.008226913399994373
CC(COc1ccc(Oc2ccccc2)cc1)Oc1ccccn1,0.0024328110739588737
NC1CCC(CC2CCC(N)CC2)CC1,0.007431091740727425
CCC(=O)OCC(=O)C1(OC(=O)CC)C(C)CC2C3C(Cl)C=C4CC(=O)C=CC4(C)C3C(O)CC21C,0.006808806210756302
[O]S(=O)(=O)c1ccc2c(N=Nc3ccc(S([O])(=O)=O)c4ccccc34)c(O)c(S([O])(=O)=O)cc2c1,0.01601199060678482
c1ccc2sc(SN3CCOCC3)nc2c1,0.013686059042811394
C[C@H]1CCCC(=O)CCCCCc2cc(O)cc(O)c2C(=O)O1,0.005110546946525574
CCN1CCN(C(=O)NC(C(=O)NC2C(=O)N3C(C([O])=O)C(C)(C)S[C@@H]23)c2ccccc2)C(=O)C1=O,0.004381602164357901
O=c1c(O)cc2c(O)oc3c(=O)c(O)cc4c(O)oc1c2c43,0.04539475962519646
O=C(Nc1ccccc1-c1cc(F)c(F)c(F)c1)c1cn(O[C@@H]2O[C@H](CO)[C@@H](O)[C@H](O)[C@H]2O)nc1C(F)F,0.00841626338660717
O=C(O)CC(CC(=O)O)C1CCCS(=O)(=O)C1,0.004790276288986206
CN(C(=O)CN(CCO)CC(=O)N(C)C(C)(C)Cc1ccccc1)C(C)(C)Cc1ccccc1,0.012732217088341713
C1=Cc2c3ccccc3cc3cccc1c23,0.17805558443069458
O=c1[nH]ncc2ccccc12,0.021352387964725494
c1cc2c3c(cccc3c1)C1NC21,0.7730817794799805
CC1=CC2=C(C=O)C(=O)C(C)(O)C(O)C2=CO1,0.0025087925605475903
CC(C)C1(C)N=C(c2nc3ccccc3cc2C(=O)O)NC1=O,0.01953451707959175
Cc1cc(C)c(C2=C(OC(=O)CC(C)(C)C)C3(CCCC3)OC2=O)c(C)c1,0.003807655069977045
C1=CCC2CC=CC2C1,0.0029499204829335213
Nc1ncn([C@@H]2O[C@H](CO)[C@@H](O)[C@H]2O)c(=O)n1,0.0022407211363315582
O=C1C=CC(=O)N1c1ccccc1,0.002254865597933531
CC(CNC(=O)c1cccnc1)NC(=O)c1cccnc1,0.0040814755484461784
CC1(S(=O)(=O)O)CC(=O)c2ccccc2C1=O,0.011589489877223969
CN1C(=O)CCC1c1ccc[n+]([O-])c1,0.008629431948065758
O=C(NCc1ncc(C(F)(F)F)cc1Cl)c1c(Cl)cccc1Cl,0.009257372468709946
[O]S(=O)(=O)c1cc(Nc2nc(Nc3ccccc3)nc(N3CCOCC3)n2)ccc1C=Cc1ccc(Nc2nc(Nc3ccccc3)nc(N3CCOCC3)n2)cc1S([O])(=O)=O,0.009158682078123093
C=c1c(N)c(O)c2c(c1O)N1C[C@@H]3N[C@@H]3[C@]1(OC)C=2COC(N)=O,0.01613815501332283
C[N+]1([O-])CCC[C@H]1c1cccnc1,0.02039491757750511
C1COCCOCCOCCOCCOCCO1,0.0024376430083066225
Cc1cc(NS(=O)(=O)c2ccc(N)cc2)no1,0.0050447965040802956
C[C@@H]1CC[C@@]2(OC1)O[C@H]1C[C@H]3[C@@H]4CC=C5C[C@@H](O)CC[C@]5(C)[C@H]4CC[C@]3(C)[C@H]1[C@@H]2C,0.015862032771110535
CC12CCNC(=O)C=C1CCC1C2CCC2(C)C(OC(=O)/C=C/c3cccc(N(CCCl)CCCl)c3)CCC12,0.026935158297419548
Cc1ccc(S(=O)(=O)NC2CCCCC2)cc1,0.0037607811391353607
CC(O)CN1CC(C)OC1=O,0.002350214868783951
CCO[C@@H]1[C@@H](OC)[C@H](C)OC(O[C@@H]2C[C@H]3C(C)=C[C@@H]4C(=CC5C(=O)C(C)C(O[C@H]6CC[C@H](NC=O)[C@@H](C)O6)CCC[C@H](CC)OC(=O)C[C@H]54)[C@@H]3C2)[C@@H]1OC,0.0061217681504786015
COc1cc(NC(=O)C(=NNc2cc(OC)c(S(=O)(=O)Nc3ccccc3)cc2OC)C(C)=O)c(OC)cc1Cl,0.007280219346284866
COc1cc(N=Nc2cc(S([O])(=O)=O)c3cccc(S(=O)(=O)O)c3c2)c(C)cc1Nc1nc(SCCCS(=O)(=O)O)nc(SCCCS(=O)(=O)O)n1,0.013459887355566025
CC(=O)O[C@]1(C(C)=O)CC[C@H]2C3=CC(Cl)=C4CC(=O)OC[C@]4(C)[C@H]3CC[C@@]21C,0.008158786222338676
N=C(N)c1ccc(OCCCCCOc2ccc(C(=N)N)cc2)cc1,0.023951508104801178
CNC(=O)c1cccc(NCC(=O)NCCc2ccc(OC)c(OC)c2)c1,0.015721768140792847
Oc1cc(O)c2cc(O)c(-c3cc(O)c(O)c(O)c3)[o+]c2c1,0.004642917774617672
CO[C@@]1(NC(=O)CSCC(N)C(=O)O)C(=O)N2C(C(=O)O)=C(CSc3nnnn3C)CS[C@@H]21,0.0042668613605201244
CC[C@H]1OC(=O)C(C)[C@@H](O[C@H]2C[C@@](C)(OC)[C@@H](O)[C@H](C)O2)C(C)[C@@H](O[C@@H]2O[C@H](C)C[C@H](N(C)C)[C@H]2O)[C@](C)(O)C[C@@H](C)CN(C)[C@H](C)[C@@H](O)[C@]1(C)O,0.006538595072925091
C[C@@]1(c2ccccc2)NC(=O)N(Nc2ccccc2)C1=O,0.0051026432774960995
CCC(C)C1OC2(C=CC1C)CC1CC(C/C=C(/C)C(OC3CC(OC)C(OC4CC(OC)C(O)C(C)O4)C(C)O3)C(C)/C=C\C=C3\COCC4C(O)C(C)=CC(C(=O)O1)C34O)O2,0.004456687718629837
C[n+]1c2n(c(=O)c3ccccc31)CCc1c-2[nH]c2ccccc12,0.39496344327926636
C=C(C)C1Cc2c(ccc3c2OC2COc4cc(OC)c(OC)cc4C2C3=O)O1,0.0065961312502622604
CC(=O)C(=NNc1ccc(C(=O)Nc2ccc(C(N)=O)cc2)cc1)C(=O)Nc1ccc2[nH]c(=O)[nH]c2c1,0.004793388769030571
Nc1c(N=Nc2ccc(S(=O)(=O)CCOS([O])(=O)=O)cc2)c(S([O])(=O)=O)cc2cc(S([O])(=O)=O)c(N=Nc3ccc(S(=O)(=O)CCOS([O])(=O)=O)cc3)c(O)c12,0.07003942131996155
C1=C\CC/C=C\CC/C=C\CC/1,0.0035516945645213127
O=C(O)c1nn(Cc2ccc(Cl)cc2Cl)c2ccccc12,0.018200038000941277
OCCN1CN(CCO)CN(CCO)C1,0.0038186456076800823
O=C1C=CC(=O)N1c1ccc(Cc2ccc(N3C(=O)C=CC3=O)cc2)cc1,0.004859035834670067
CC(Cc1ccc(C(C)(C)C)cc1)CN1CCCCC1,0.00496552512049675
C1CC2OC2C1OC1CCC2OC12,0.0054641785100102425
S=c1scc(-c2ccccc2)s1,0.005443080794066191
C[C@]1(Cn2ccnn2)C(C(=O)O)N2C(=O)C[C@H]2S1(=O)=O,0.0026167507749050856
Cc1nn(C)c(Oc2ccccc2)c1/C=N/OCc1ccc(C(=O)OC(C)(C)C)cc1,0.012667639181017876
Cc1cc(Cl)cc2c1C(=O)C(=C1Sc3cc(Cl)cc(C)c3C1=O)S2,0.00937824696302414
COC(=O)C(c1ccccc1)C1CCCCN1,0.008597873151302338
CS(=O)(=O)c1ccc2c(=O)c3c(oc2c1COCC(F)(F)F)CCCC3=O,0.015972184017300606
OC[C@H]1O[C@@H](n2cnc3c(=S)[nH]cnc32)[C@H](O)[C@@H]1O,0.002564688678830862
O=C1C(Cl)C(CCl)CN1c1cccc(C(F)(F)F)c1,0.009077169001102448
CC(=O)OCCN(CCOC(C)=O)c1ccc(N=Nc2nc3ccc(Cl)cc3s2)c(NC(=O)c2ccccc2)c1,0.03657776489853859
CCCC(=O)O[C@H]1[C@H](C)O[C@@H](O[C@H]2[C@H](N(C)C)[C@@H](O)[C@H](O[C@H]3[C@@H](CC=O)C[C@@H](C)[C@@H](O)/C=C\C=C/C[C@@H](C)OC(=O)C[C@@H](O)[C@@H]3OC)O[C@@H]2C)C[C@@]1(C)OC(=O)CC,0.005265305284410715
c1ccc2c(c1)-c1ccc3ccccc3c1C1OC21,0.9693715572357178
C=c1c(N)c(O)c2c(c1O)N1CC3NC3C1(OC)C=2COC(N)=O,0.01586882583796978
CN1C(=O)[C@]23CC4=CC=C[C@H](O)[C@H]4N2C(=O)[C@@]1(CO)SS3,0.004939333535730839
Nc1nc(=O)c2[nH]nnc2[nH]1,0.002279618289321661
CN(C)CCNC(=O)c1cccc2cc(-c3ccccc3)oc12,0.15712180733680725
COC(=O)c1cc(OC)c2c(c1-c1c(C(=O)OC)cc(OC)c3c1OCO3)OCO2,0.06537143886089325
NCC1CCC(C(=O)c2ccc(CCC(=O)O)cc2)CC1,0.011293381452560425
O=c1[nH][nH]c2ccccc12,0.00996381789445877
CCc1nn(C)c(C(=O)NCc2ccc(C(C)(C)C)cc2)c1Cl,0.006289400160312653
C[C@@H]1[C@@H](c2ccc(Cl)cc2)SC(=O)N1C(=O)NC1CCC(=O)CC1,0.006785526871681213
CN(c1nc(=O)cc[nH]1)C1CCN(c2nc3ccccc3n2Cc2ccc(F)cc2)CC1,0.008315077051520348
CC1OC(C)OC(C)OC(C)O1,0.0017162892036139965
CC(C)(OOC(C)(C)c1ccccc1)c1ccccc1,0.22259166836738586
S=C(NC1CCCCC1)NC1CCCCC1,0.0045638615265488625
C1CCC2OCCOCCOCCOC3CCCCC3OCCOCCOCCOC2C1,0.004268958233296871
O=NN(CC1(O)CCC(O)C(O)C1O)C(Cc1ccccc1)C(=O)O,0.012116895988583565
O=C1CCC2(O)c3c(ccc(O)c31)-c1ccc(O)c3c1C2C1OC1C3=O,0.930719256401062
COc1ccc(-c2noc(CC(=O)O)c2-c2ccc(OC)cc2)cc1,0.01869821920990944
CC1=C(C(=O)Nc2ccccc2)SCCO1,0.007901542820036411
COC(=O)C1=C(C)N=C(C)C(C(=O)OCCN2CCN(C(c3ccccc3)c3ccccc3)CC2)C1c1cccc([N+](=O)[O-])c1,0.012311892583966255
C1CSCCO1,0.004149467218667269
Cc1ccc(NS(=O)(=O)N(C)C)c(OC2OC(CO)C(O)C(O)C2O)c1,0.006114762742072344
CCC1(c2ccccc2)C(=O)N=C([O])NC1=O,0.003647055011242628
CC12CCC(CC1)C(C)(C)O2,0.009969264268875122
OCC(O)(Cc1ccccc1Cl)C1(Cl)CC1,0.016054458916187286
CN(C)C(=O)c1nc(CNC(=O)CN)n(-c2ccc(Cl)cc2C(=O)c2ccccc2Cl)n1,0.024364661425352097
CSC1=NC(C)(c2ccccc2)C(=O)N1Nc1ccccc1,0.00601597223430872
CN(C)S(=O)(=O)Nc1ccc(CO[C@H]2C[C@H](O)[C@H](O)[C@H](O)[C@@H](CO)O2)cc1,0.010362235829234123
CC(C)(C)S(=O)(=O)CC(Cc1ccccc1)C(=O)NC(Cc1c[nH]cn1)C(=O)N[C@H](CC1CCCCC1)C(O)C(O)C1CC1,0.008997033350169659
CC(C)=C1CC[C@@H](C)CC1=O,0.0034861634485423565
CC[C@H]1CN2CCc3cc(OC)c(OC)cc3[C@@H]2C[C@@H]1C[C@H]1NCCc2cc(OC)c(OC)cc21,0.00842016190290451
OC[C@H]1OC(O[C@H]2[C@H](O)[C@@H](O)C(O[C@H]3[C@H](O)[C@@H](O)[C@@H](O)O[C@@H]3CO)O[C@@H]2CO)[C@H](O)[C@@H](O)[C@@H]1O,0.001106118317693472
COc1cc([C@@H]2c3cc4c(cc3[C@@H](O[C@@H]3O[C@@H]5CO[C@@H](C)O[C@H]5[C@H](O)[C@H]3O)[C@H]3COC(=O)C23)OCO4)cc(OC)c1O,0.0051063476130366325
O=C1CN(CCCN2CC(=O)NC(=O)C2)CC(=O)N1,0.0037724394351243973
O=c1[nH]c2ccc(F)cc2c(=O)n1-c1ccc(Cl)cc1Cl,0.021186862140893936
Cc1cc(/C=C/c2ccc3cc(N(C)C)ccc3[n+]2C)c(C)n1-c1ccccc1,0.04690497741103172
CC(C)CC1NC(=O)CNC1=O,0.0030746934935450554
O=c1[nH]c2c(c(=O)n1C1CCCCC1)CCC2,0.003232707269489765
O=C1CCc2ccccc2O1,0.004923427477478981
Clc1ccccc1-c1nnc(-c2ccccc2Cl)nn1,0.006552131846547127
O=C1O[C@@H](c2ccc(Cl)cc2)C[C@]1(Cn1cncn1)c1ccccc1,0.00550118088722229
C1=CC2OC2c2cc3ccc4cccc5ccc(c21)c3c45,0.9803322553634644
O=C1OCCN1P(=O)(Cl)N1CCOC1=O,0.002374247182160616
O=C(O)CC(CC(=O)O)C1CCC[S+]([O-])C1,0.005148685537278652
CCOc1ccc(C(C)(C)COCc2cccc(Oc3ccccc3)c2)cc1,0.006516722030937672
COc1cc(-c2ccc(N=Nc3cc(S([O])(=O)=O)c4ccccc4c3O)c(OC)c2)ccc1N=Nc1cc(S([O])(=O)=O)c2ccccc2c1N,0.08032946288585663
N#CC1(C(=O)O)OC1(C(N)=O)c1cccc2c1OC(F)(F)O2,0.007669607177376747
Clc1ccc(C2(Cn3cncn3)CC(Br)CO2)c(Cl)c1,0.008318910375237465
NC(=O)N1c2ccccc2C=Cc2ccccc21,0.0017726976657286286
O=C1NC(=O)C(O)(O)C(=O)N1,0.0022456999868154526
C1=CC2OC2c2c1cc1ccc3cccc4ccc2c1c34,0.9658297300338745
CC(C)=CC1C(C(=O)OCc2coc(Cc3ccccc3)c2)C1(C)C,0.006792635191231966
CC1COC(Cn2cncn2)(c2ccc(Oc3ccc(Cl)cc3)cc2Cl)O1,0.0070157041773200035
c1ccc(P(c2ccccc2)c2ccccc2)cc1,0.0003860764263663441
CC(C)CCCC(C)[C@H]1CC[C@H]2[C@@H]3[C@H](OO)C=C4C[C@@H](O)CC[C@]4(C)[C@H]3CC[C@]12C,0.03422725945711136
OC(Cc1ccccc1Cl)(Cn1[nH]cnc1=S)C1(Cl)CC1,0.01407136395573616
CC12CCC(=O)NC1=CCC1C2CCC2(C)C(OC(=O)CCCc3ccc(N(CCCl)CCCl)cc3)CCC12,0.020040757954120636
CCC1(c2ccccc2)C(=O)NC(=O)NC1=O,0.004234306514263153
CN(C)CCNC(=O)c1cccn2cc(-c3ccccc3)nc12,0.27047237753868103
CC(C)N1C(=O)SCN(c2ccccc2)C1=O,0.00316008273512125
COc1ccc(C(O)(c2cncnc2)C2CC2)cc1,0.008969441056251526
CC[C@H]1OC(=O)C(C)[C@@H](OC2CC(C)(OC)C(O)C(C)O2)[C@H](C)[C@@H](OC2OC(C)CC(N(C)C)C2O)[C@](C)(O)C[C@@H](C)/C(=N\OCOCCOC)[C@H](C)[C@@H](O)[C@]1(C)O,0.006732635665684938
CC(C)(C)c1ccc(CCOc2ncnc3ccccc23)cc1,0.010885237716138363
N#CC(CCc1ccc(Cl)cc1)(Cn1cncn1)c1ccccc1,0.006476833485066891
c1ccc(Nc2cccc3ccccc23)cc1,0.0008587096817791462
CC(C1CC1)C(O)(Cn1cncn1)c1ccc(Cl)cc1,0.009465796872973442
O=C(CCNNC(=O)c1ccncc1)NCc1ccccc1,0.0380256287753582
CCC(=O)CCCCCC1NC(=O)C2CCCCN2C(=O)C([C@H](C)CC)NC(=O)C(CC2=CN(OC)C3C=CC=CC23)NC1=O,0.00852254033088684
CC1(C)CCC(=Cc2ccc(Cl)cc2)C1(O)Cn1cncn1,0.009398473426699638
O=c1[nH]cnn1CC(O)(Cc1ccccc1Cl)C1(Cl)CC1,0.012332074344158173
COc1ccc(/C(=C/C(=O)N2CCOCC2)c2ccc(Cl)cc2)cc1OC,0.012029554694890976
O=C(n1ccnc1)n1ccnc1,0.0006786658195778728
CC(C(=O)O)c1ccc(Oc2nccs2)cc1,0.008343463763594627
O=NN1CN2CN(C1)CN(N=O)C2,0.01401010062545538
O=c1oc2cc(O)ccc2c2oc3cc(O)ccc3c12,0.03460356965661049
CC(C)(C)CC(C)(C)c1ccc(OCCOCC[N+](C)(C)Cc2ccccc2)cc1,0.04431821405887604
CNc1oc(-c2ccccc2)c(O)c1-c1cccc(C(F)(F)F)c1,0.010062117129564285
O=C(O)CCCCC1SCC2NC(=O)NC21,0.005799002945423126
COC(=O)C1[C@H]2C[C@@H]3c4[nH]c5cc(OC)ccc5c4CCN3C[C@H]2C[C@@H](OC(=O)c2cc(OC)c(OC)c(OC)c2)[C@@H]1OC,0.01037081703543663
CCOC(=O)OC1=C(c2cc(C)ccc2C)C(=O)NC12CCC(OC)CC2,0.006057878490537405
c1ccc2cc(Nc3ccc(Nc4ccc5ccccc5c4)cc3)ccc2c1,0.001489023445174098
O=C1CC(=Nc2ccccc2)C(=O)c2ccccc21,0.0032881766092032194
Cc1cc(Cc2ccccc2)ccc1Cc1ccccc1,0.002013292396441102
CCOC(=O)c1[nH]n(-c2ccc(S([O])(=O)=O)cc2)c(=O)c1N=Nc1ccc(S([O])(=O)=O)c2ccccc12,0.01766143925487995
O=C(O)c1cc(O)c(C(=O)C2CC2)c(O)c1,0.005029263906180859
O=c1c2ccccc2[se]n1-c1ccccc1,0.002577980514615774
O=C1CC(O)(CCO)C=c2oc(=C3C=CC(O)(CCO)C(O)(CCO)C3)c(=O)c(O)c21,0.009342944249510765
c1ccc(COCc2ccccc2)cc1,0.0025878041051328182
CC(=O)OCC(=O)NCCCOc1cccc(CN2CCCCC2)c1,0.010211867280304432
Cc1ccc(S(=O)(=O)Oc2ccc(/N=N/c3ccc(-c4ccc(N=Nc5c(O)ccc6cc(S([O])(=O)=O)cc(S([O])(=O)=O)c56)c(C)c4)cc3C)cc2)cc1,0.033158138394355774
O=C1O[C@H](c2ccc(Cl)cc2)C[C@]1(Cn1cncn1)c1ccccc1,0.005554676055908203
CCC(C)C(C(CC(=O)N1CCCC1C(OC)C(C)C(=O)NC(Cc1ccccc1)c1nccs1)OC)N(C)C(=O)C(NC(=O)C(C(C)C)N(C)C)C(C)C,0.010599074885249138
COc1cc(O)c2c(O)c3c(c4c2c1C1(C4)C(C)=CCCC1(C)C)C(O)C1(O)CC(=O)C(C(N)=O)C(=O)C1(O)C3=O,0.03109103813767433
O=C1NCC[n+]2ccccc21,0.010957600548863411
CC(=O)c1ccc(S(=O)(=O)NC(=O)NC2CCCCC2)cc1,0.004837101325392723
Oc1cc2c(cc1O)C1c3ccc(O)c(O)c3OC[C@@]1(O)C2,0.011402296833693981
O=C1NS(=O)(=O)c2ccsc21,0.004592437297105789
CCO[C@@H]1[C@@H](OC)[C@H](C)O[C@@H](OC2C[C@H]3CC[C@@H]4C(=CC5C(=O)C(C)[C@@H](O[C@H]6CC[C@H](N(C)C)[C@@H](C)O6)CCC[C@H](CC)OC(=O)CC54)[C@@H]3C2)[C@@H]1OC,0.008558823727071285
N#CC1=C(c2cccc3c2OC(F)(F)O3)C(=O)NC1=O,0.005994219332933426
Cn1cc(C(=O)Nc2cccc3c2[C@@H]2CC[C@H]3[C@@H]2C(C)(C)O)c(C(F)F)n1,0.00997595302760601
c1ccc2sc(SN(C3CCCCC3)C3CCCCC3)nc2c1,0.007952604442834854
CCN(CCCl)c1ccc(CCCNc2c3ccccc3nc3ccccc23)cc1,0.9140459299087524
CCC1NC(=O)c2cc(S(N)(=O)=O)c(Cl)cc2N1,0.007407990284264088
C=CCC1(C(C)C#CCC)C(=O)N=C([O])N(C)C1=O,0.0029850704595446587
CC(C)C(Nc1ccc(C(F)(F)F)cc1Cl)C(=O)OC(C#N)c1cccc(Oc2ccccc2)c1,0.007658705115318298
CN1[C@@H]2C[C@H](OC(=O)C(CO)c3ccccc3)C[C@H]1C1OC12,0.014273582026362419
C[C@]12CC(C=O)C(=O)C[C@@H]1CC[C@@H]1[C@@H]2CC[C@@]2(C)[C@H]1CC[C@]2(C)O,0.016116220504045486
CCOC(O)=c1cc(O)c(=C(O)C2CC2)c(O)c1,0.006635275669395924
Cc1cc(C)nc(Nc2ccccc2)n1,0.002881006570532918
CC1CC2OC(=O)C3(C)C2C(OC3(C)O)C2(C)C(=O)C=CC12,0.005276320967823267
CCN1CCN(C(=O)NC(C(=O)NC2C(=O)N3C(C([O])=O)C(C)(C)S[C@H]23)c2ccccc2)C(=O)C1=O,0.00439490145072341
CC1=NC(C)=C(P2(=O)OCC(C)(C)CO2)C(c2cccc([N+](=O)[O-])c2)C1C(=O)OCCN(Cc1ccccc1)c1ccccc1,0.019924527034163475
CCC(=O)N(c1ccc(Cl)c(Cl)c1)[C@@H]1CCC[C@H]1N(C)C,0.014246923848986626
CON=C(C(=O)NC1C(=O)N2C(C([O])=O)=C(CSC(=O)c3ccco3)CS[C@H]12)c1csc(N)n1,0.004322987515479326
Nc1cnn(-c2ccccc2)c(=O)c1Cl,0.015181750059127808
[O]C(=O)CC(O)CC(O)/C=C/c1c(C2CC2)nc2ccccc2c1-c1ccc(F)cc1,0.07351421564817429
Nc1cc2nc3ccc(Cl)cc3oc-2cc1=O,0.023381365463137627
CCc1nn(C)c(C(=O)Nc2ccc(C(C)(C)C(=O)O)cc2)c1Cl,0.00692559452727437
Cc1ccc2nc(-c3ccc(N)cc3)sc2c1,0.01063879020512104
CCCOCC(=Nc1ccc(Cl)cc1C(F)(F)F)n1ccnc1,0.0058861118741333485
O=C1CCCCCCCCCCCC(=O)OCCO1,0.0032627261243760586
Nc1ccc(N)c2c(O)c3ccccc3c(O)c12,0.9732165336608887
CCC(C)(C)C(=O)OC1=C(c2cc(Cl)cc(Cl)c2)C(=O)OC12CCCCC2,0.009058743715286255
COC(=O)C1C2CC3c4[nH]c5cc(OC)ccc5c4CCN3CC2CC(OC(=O)c2cc(OC)c(OC)c(OC)c2)C1OC,0.009486045688390732
COC(COC(N)=O)C1=C(N2CC2)C(=O)C(C)=C(N2CC2)C1=O,0.003339213551953435
C[C@]12CC[C@@H](OC(=O)/C=C/c3cccc(N(CCCl)CCCl)c3)C[C@@H]1CC[C@@H]1[C@@H]2CC[C@]2(C)NC(=O)CC[C@@H]12,0.03742973878979683
Cn1c(=O)nc(NC(C)(C)C)[nH]c1=O,0.0024681999348104
CCC1CN2CCc3cc(OC)c(OC)cc3C2CC1CC1NCCc2cc(OC)c(OC)cc21,0.008035477250814438
CC(C)C(c1ccc(Cl)cc1)C(C#N)c1cccc(Oc2ccccc2)c1,0.0034171584993600845
CC1(C)S[C@@H]2C(NC(=O)COc3ccccc3)C(=O)N2C1C([O])=O,0.005856763571500778
CSc1nnc(C(C)(C)C)c(=O)n1N,0.006670606788247824
CC(=O)Nc1ccc([C@H]2O[C@H]2c2ccccc2)cc1,0.05772118270397186
O=C1C2(Cl)C3(Cl)C4(Cl)C(Cl)(Cl)C5(Cl)C3(Cl)C1(Cl)C5(Cl)C24Cl,0.004815569147467613
Cc1cccc(Nc2ccncc2S(=O)(=O)NC(=O)NC(C)C)c1,0.0046660443767905235
NC(=O)OCC1C(=NC(=O)C(NOCC(=O)O)c2csc(N)n2)C(=O)N1S(=O)(=O)O,0.003972967620939016
c1ccc2c(c1)Oc1ccccc1S2,0.006491472944617271
CC(C)N1C(=O)N(c2ccccc2)CSC1=NC(C)(C)C,0.003126954659819603
CCC([O])=c1c(O)cc(=C(O)O)cc1O,0.003579405602067709
CC1(C)CC/C(=C\c2ccc(Cl)cc2)C1(O)Cn1cncn1,0.00932110846042633
c1ccc2c(c1)-c1cc3ccc4ccccc4c3cc1C1OC21,0.9485514760017395
Cc1cc(O)c2c(c1)C(=O)c1cc(O)cc(OC3OC(CO)C(O)C(O)C3O)c1C2=O,0.009086638689041138
c1cc[n+]2c(c1)-c1cccc[n+]1CC2,0.1653003990650177
c1ccc(OP(Oc2ccccc2)Oc2ccccc2)cc1,0.001322026364505291
CC(=O)Oc1cc(C=O)cc2c1C(COC(N)=O)C1(OC(C)=O)ON2CC2C1N2C(C)=O,0.007716105319559574
N#Cc1c(N)nc(NC2CC2)nc1N,0.017285047098994255
C=C(C)[C@H]1Cc2c(ccc3c2O[C@@H]2COc4cc(OC)c(OC)cc4C2C3=O)O1,0.007027521263808012
Clc1nc(Cl)nc(Nc2ccccc2Cl)n1,0.005650680512189865
O=S(=O)(O)c1ccnn1CC(O)(Cc1ccccc1Cl)C1(Cl)CC1,0.010033736005425453
Fc1ccc(C2(Cn3cncn3)OC2c2ccccc2Cl)cc1,0.017629489302635193
COc1cc([C@H]2c3cc4c(cc3[C@@H](O[C@H]3O[C@@H]5CO[C@@H](C)O[C@@H]5[C@@H](O)[C@@H]3O)[C@@H]3COC(=O)C23)OCO4)cc(OC)c1O,0.005118969827890396
O=S1(=O)CC=CC1,0.005424899514764547
CC1(C)S[C@H]2C(NC(=O)COc3ccccc3)C(=O)N2C1C([O])=O,0.005770605057477951
