id,gmtamesQSAR_ID,SMILES,y_true,prob_weight6,class_weight6
0,gmtamesQSAR_3589,BrC1CC(Br)CC(Br)CC(Br)CC(Br)CC(Br)C1,0,0.011488199,0
1,gmtamesQSAR_3603,COC(=O)Nc1nc2cc(Sc3ccccc3)ccc2[nH]1,0,0.34489185,0
2,gmtamesQSAR_3668,O=[N+]([O-])c1cc(S(=O)(=O)Nc2ccccc2)ccc1Nc1ccccc1,0,0.2871332,0
3,gmtamesQSAR_3715,CC(=O)c1c(O)cc(C)oc1=O,0,0.24868524,0
4,gmtamesQSAR_3720,COC1OC(C(=O)O)C(OC2OC(C(=O)O)C(OC)C(O)C2O)C(O)C1O,0,0.022850662,0
5,gmtamesQSAR_3732,N=c1c2[nH]cnc2ncn1O,0,0.7442738,1
6,gmtamesQSAR_3740,c1ccc(CSCc2ccccc2)cc1,0,0.022500724,0
7,gmtamesQSAR_3829,CC1(C)CC[C@]2(C(=O)O)CC[C@]3(C)C(=CC[C@@H]4[C@@]5(C)C[C@H](O)[C@H](O[C@@H]6O[C@H](CO)[C@@H](O)[C@H](O)[C@H]6O)C(C)(C(=O)O)C5CC[C@]43C)[C@H]2C1,0,0.06606513,0
8,gmtamesQSAR_3848,CN(C)CCN(Cc1ccsc1)c1ccccn1,0,0.026984483,0
9,gmtamesQSAR_4024,CCC(C)c1[nH]c(O)c(C(C)=O)c1O,0,0.46264628,0
10,gmtamesQSAR_4040,Nc1nc(N)nc(-c2ccccc2)n1,0,0.24858126,0
11,gmtamesQSAR_4066,Cc1nc2c(c3[nH]c4ccccc4c13)C(=O)C=C(N1CC1)C2=O,1,0.96913654,1
12,gmtamesQSAR_4079,O=C(O)C1Cc2c([nH]c3ccccc23)C(c2ccccc2)N1,0,0.95407724,1
13,gmtamesQSAR_4133,Brc1cc(Br)c(OCCOc2c(Br)cc(Br)cc2Br)c(Br)c1,0,0.022012293,0
14,gmtamesQSAR_4216,Cc1c(O)[nH]c(CC(C)C)c(O)n(C)c(Cc2ccccc2)c(O)ncc(=O)n1C,0,0.052306235,0
15,gmtamesQSAR_4239,COc1ccc2c(c1)c(CC(=O)O)c(C)n2C(=O)c1ccc(Cl)cc1,0,0.32963336,0
16,gmtamesQSAR_4334,Oc1ccc2cc(SSc3ccc4cc(O)ccc4c3)ccc2c1,0,0.62756395,0
17,gmtamesQSAR_4363,C=C1C[C@@]23CC[C@H]4[C@@](C)(CCC[C@@]4(C)C(=O)O[C@@H]4O[C@H](CO)[C@@H](O)[C@H](O)[C@H]4O)[C@@H]2CC[C@]1(O[C@@H]1O[C@H](CO)[C@@H](O)[C@H](O)[C@H]1O[C@@H]1O[C@H](CO)[C@@H](O)[C@H](O)[C@H]1O)C3,0,0.031470656,0
18,gmtamesQSAR_4419,c1ccc(N(c2ccccc2)c2ccccc2)cc1,0,0.8150807,1
19,gmtamesQSAR_4478,NS(=O)(=O)c1cc(C(=O)O)c(NCc2ccco2)cc1Cl,0,0.1128051,0
20,gmtamesQSAR_4484,O=C1c2ccccc2-c2ccc3c4c(ccc1c24)-c1ccccc1C3=O,0,0.7863476,1
21,gmtamesQSAR_4536,C1N2CN3CN1CN(C2)C3,0,0.2663952,0
22,gmtamesQSAR_4577,CC(C)(C)c1ccc(O[P@]2OCC3(CO[P@@](Oc4ccc(C(C)(C)C)cc4C(C)(C)C)OC3)CO2)c(C(C)(C)C)c1,0,0.035380036,0
23,gmtamesQSAR_4600,c1ccc2[nH]c(-c3cscn3)nc2c1,0,0.78585964,1
24,gmtamesQSAR_4602,Clc1ccc(COC(Cn2ccnc2)c2ccc(Cl)cc2Cl)cc1,0,0.028168112,0
25,gmtamesQSAR_4613,C1CCC(NC2CCCCC2)CC1,0,0.011133045,0
26,gmtamesQSAR_4618,Cc1ccc(S(=O)(=O)NC(=O)NN2CCCCCC2)cc1,0,0.03277695,0
27,gmtamesQSAR_4699,C[n+]1ccc(-c2ccccn2)cc1,0,0.2069026,0
28,gmtamesQSAR_4724,S=C1NCCN1,0,0.8663347,1
29,gmtamesQSAR_4768,c1ccc2sc(SSc3nc4ccccc4s3)nc2c1,0,0.6244688,0
30,gmtamesQSAR_4782,Oc1cc2c(cc1O)C1c3ccc(O)c(O)c3OCC1(O)C2,0,0.86458576,1
31,gmtamesQSAR_4792,COc1ccc(C(=O)N2CCN(c3ccc4c(c3)CCC(=O)N4)CC2)cc1OC,0,0.054751456,0
32,gmtamesQSAR_4807,COc1cc(OC)c2c(c1Cl)O[C@]1(C2=O)C(OC)CC(=O)C[C@H]1C,0,0.026646525,0
33,gmtamesQSAR_4823,C=C1CC23CCC4C(C)(C(=O)O)CCCC4(C)C2CCC1(O)C3,0,0.054689616,0
34,gmtamesQSAR_4866,O=C(OC1CCCCC1)c1ccccc1C(=O)OC1CCCCC1,0,0.010319203,0
35,gmtamesQSAR_4901,S=c1[nH]cnc2[nH]cnc12,0,0.44864857,0
36,gmtamesQSAR_4924,N=c1c2ncn(C(c3ccccc3)(c3ccccc3)c3ccccc3)c2ncn1O,0,0.8216773,1
37,gmtamesQSAR_4932,CCN(Cc1ccccc1)c1ccccc1,0,0.03355682,0
38,gmtamesQSAR_4990,CCOC(=O)c1[nH]c2ccccc2c1N=Cc1ccc(O)cc1,0,0.5659963,0
39,gmtamesQSAR_5020,O=C(Cn1c(=O)sc2ccccc21)OCc1ccccc1,0,0.51839477,0
40,gmtamesQSAR_5046,CCOc1ccc(C(C)(C)COC(=O)c2cccc(Oc3ccccc3)c2)cc1,0,0.04692045,0
41,gmtamesQSAR_5114,NC1CCC(CC2CCC(N)CC2)CC1,0,0.020221472,0
42,gmtamesQSAR_5158,c1ccc2sc(SN3CCOCC3)nc2c1,0,0.38096568,0
43,gmtamesQSAR_5178,O=c1c(O)cc2c(O)oc3c(=O)c(O)cc4c(O)oc1c2c43,0,0.8957602,1
44,gmtamesQSAR_5210,CN(C(=O)CN(CCO)CC(=O)N(C)C(C)(C)Cc1ccccc1)C(C)(C)Cc1ccccc1,0,0.010854244,0
45,gmtamesQSAR_5236,O=c1[nH]ncc2ccccc12,0,0.16463989,0
46,gmtamesQSAR_5287,CCOc1ccc(C(C)(C)C)cc1NC(=O)C(=O)Nc1ccccc1CC,0,0.017857552,0
47,gmtamesQSAR_5312,C1=CCC2CC=CC2C1,0,0.012021899,0
48,gmtamesQSAR_5320,O=C1C=CC(=O)N1c1ccccc1,0,0.61278063,0
49,gmtamesQSAR_5507,Cc1cc(NS(=O)(=O)c2ccc(N)cc2)no1,0,0.33716387,0
50,gmtamesQSAR_5511,CC1(c2ccc(Oc3ccccc3)cc2)OC(=O)N(Nc2ccccc2)C1=O,0,0.23893115,0
51,gmtamesQSAR_5560,Cc1ccc(S(=O)(=O)NC2CCCCC2)cc1,0,0.026742607,0
52,gmtamesQSAR_5632,CCO[C@@H]1[C@@H](OC)[C@H](C)OC(O[C@@H]2C[C@H]3C(C)=C[C@@H]4C(=CC5C(=O)C(C)C(O[C@H]6CC[C@H](NC=O)[C@@H](C)O6)CCC[C@H](CC)OC(=O)C[C@H]54)[C@@H]3C2)[C@@H]1OC,0,0.019812882,0
53,gmtamesQSAR_5641,CC1=C(/C=C/C(C)=C\C=C/C(C)=C\C=C/C=C(C)\C=C/C=C(C)\C=C\C2=C(C)CCCC2(C)C)C(C)(C)CCC1,0,0.02108875,0
54,gmtamesQSAR_5652,N=C(N)c1ccc(OCCCCCOc2ccc(C(=N)N)cc2)cc1,0,0.0487881,0
55,gmtamesQSAR_5697,C=C(C)C1Cc2c(ccc3c2OC2COc4cc(OC)c(OC)cc4C2C3=O)O1,0,0.4350058,0
56,gmtamesQSAR_5794,O=c1c2ccc3c4c(ccc(c24)c2nc4ccccc4n12)c(=O)n1c2ccccc2nc31,0,0.3174193,0
57,gmtamesQSAR_5860,COC(=O)C(c1ccccc1)C1CCCCN1,0,0.018909425,0
58,gmtamesQSAR_5878,CCC1(c2ccccc2)C(=O)[N]C(=O)NC1=O,0,0.7562991,1
59,gmtamesQSAR_5966,CC(=O)OCCN(CCOC(C)=O)c1ccc(N=Nc2nc3ccc(Cl)cc3s2)c(NC(=O)c2ccccc2)c1,1,0.30464733,0
60,gmtamesQSAR_6037,OC[C@H]1O[C@@H](n2cnc3c(NCC(O)COc4cccc5ccccc45)ncnc32)[C@H](O)[C@@H]1O,0,0.2252217,0
61,gmtamesQSAR_6170,C[n+]1cccc(-c2ccc[n+](C)c2)c1,0,0.49848443,0
62,gmtamesQSAR_6191,CC1=CC(=C(C#N)C#N)C=C(/C=C/c2ccc(N(C)C)cc2)O1,1,0.5345814,0
63,gmtamesQSAR_6229,c1cncc(-c2cccnc2)c1,0,0.051757485,0
64,gmtamesQSAR_6294,CC(C)(OOC(C)(C)c1ccccc1)c1ccccc1,0,0.013078511,0
65,gmtamesQSAR_6321,S=C(NC1CCCCC1)NC1CCCCC1,0,0.01665467,0
66,gmtamesQSAR_6413,CC12CCC(CC1)C(C)(C)O2,0,0.012592703,0
67,gmtamesQSAR_6416,Nc1ncnc2c1ncn2C(c1ccccc1)(c1ccccc1)c1ccccc1,0,0.8729,1
68,gmtamesQSAR_6424,C[C@@H]1O[C@@H](O[C@H]2[C@H](O[C@H]3[C@H](O[C@H]4CC[C@@]5(C)[C@@H](CC[C@]6(C)[C@@H]5CC=C5[C@@H]7CC(C)(C)C[C@@H](O)[C@]7(C)CC[C@]56C)[C@@]4(C)CO)OC(C(=O)O)[C@@H](O)[C@@H]3O)O[C@H](CO)[C@H](O)[C@@H]2O)[C@H](O)[C@H](O)[C@H]1O,0,0.03236398,0
69,gmtamesQSAR_6454,CC(C)(C)S(=O)(=O)CC(Cc1ccccc1)C(=O)NC(Cc1c[nH]cn1)C(=O)N[C@H](CC1CCCCC1)C(O)C(O)C1CC1,0,0.022874147,0
70,gmtamesQSAR_6516,CCn1cc(C(=O)O)c(=O)c2ccc(C)nc21,0,0.91439706,1
71,gmtamesQSAR_6599,O=c1[nH]c2c(c(=O)n1C1CCCCC1)CCC2,0,0.33351487,0
72,gmtamesQSAR_6600,O=C1CCc2ccccc2O1,0,0.062544554,0
73,gmtamesQSAR_6614,COc1cc(-c2ccc(N=Nc3cc(S([O])(=O)=O)c4ccccc4c3O)c(OC)c2)ccc1N=Nc1cc(S([O])(=O)=O)c2ccccc2c1N,0,0.10388586,0
74,gmtamesQSAR_6708,Clc1ccc(CSc2ccc(Cl)cc2)cc1,0,0.03176239,0
75,gmtamesQSAR_6776,CC(COc1ccccc1)N(CCCl)Cc1ccccc1,1,0.030250788,0
76,gmtamesQSAR_6832,O=[N+]([O-])c1ccc(C2OCC3(CO)COC(c4ccc([N+](=O)[O-])cc4)N23)cc1,1,0.16738522,0
77,gmtamesQSAR_6838,O=C1NC(=O)C(O)(O)C(=O)N1,0,0.44474334,0
78,gmtamesQSAR_6848,CC(C)CCCC(C)[C@H]1CC[C@H]2[C@@H]3C[C@@H](O)[C@@]4(O)C[C@@H](O)CC[C@]4(C)[C@H]3CC[C@]12C,0,0.02117151,0
79,gmtamesQSAR_6852,CC(C)=CC1C(C(=O)OCc2coc(Cc3ccccc3)c2)C1(C)C,0,0.04960546,0
80,gmtamesQSAR_6861,c1ccc(P(c2ccccc2)c2ccccc2)cc1,0,0.18707418,0
81,gmtamesQSAR_6906,CCC1(c2ccccc2)C(=O)NC(=O)NC1=O,0,0.7562991,1
82,gmtamesQSAR_6940,[O-][S+](c1cc(Cl)cc(Cl)c1O)c1cc(Cl)cc(Cl)c1O,0,0.046064436,0
83,gmtamesQSAR_6952,OC(c1ccc(Cl)cc1)(c1ccc(Cl)cc1)C1CC1,0,0.026649326,0
84,gmtamesQSAR_6976,c1ccc(Nc2cccc3ccccc23)cc1,0,0.9295412,1
85,gmtamesQSAR_7023,CN(C)c1ccc(C(=N)c2ccc(N(C)C)cc2)cc1,0,0.009075731,0
86,gmtamesQSAR_7041,S=C1SSC2=NCCN12,0,0.03973797,0
87,gmtamesQSAR_7139,CC(C)(C)CC(C)(C)c1ccc(OCCOCC[N+](C)(C)Cc2ccccc2)cc1,0,0.006751448,0
88,gmtamesQSAR_7156,COC(=O)CC1C2(C)C3=C(C)C(c4ccoc4)CC3OC2C2OC(=O)C3(C)C=CC(=O)C1(C)C23,0,0.11344364,0
89,gmtamesQSAR_7185,COC(=O)C1[C@H]2C[C@@H]3c4[nH]c5cc(OC)ccc5c4CCN3C[C@H]2C[C@@H](OC(=O)c2cc(OC)c(OC)c(OC)c2)[C@@H]1OC,0,0.26939106,0
90,gmtamesQSAR_7216,Cn1nnc(-c2cnn(C)c2S(N)(=O)=O)n1,0,0.0883041,0
91,gmtamesQSAR_7229,O=C1CC(=Nc2ccccc2)C(=O)c2ccccc21,1,0.68567985,1
92,gmtamesQSAR_7234,Cc1cc(Cc2ccccc2)ccc1Cc1ccccc1,0,0.37924486,0
93,gmtamesQSAR_7242,Cc1nc2c(c3[nH]c4ccccc4c13)C(=O)C(N1CCN(C)CC1)=CC2=O,0,0.89897144,1
94,gmtamesQSAR_7256,C/C=C/c1cc2c(c(=O)o1)C(=O)C(O)C(C)O2,0,0.46911222,0
95,gmtamesQSAR_7342,c1ccc(COCc2ccccc2)cc1,0,0.014369309,0
96,gmtamesQSAR_7422,CC(=O)c1ccc(S(=O)(=O)NC(=O)NC2CCCCC2)cc1,0,0.021175116,0
97,gmtamesQSAR_7519,c1ccc2sc(SN(C3CCCCC3)C3CCCCC3)nc2c1,0,0.0509744,0
98,gmtamesQSAR_7566,CCC1NC(=O)c2cc(S(N)(=O)=O)c(Cl)cc2N1,0,0.31644988,0
99,gmtamesQSAR_7583,C=CCC1(C(C)C#CCC)C(=O)N=C([O])N(C)C1=O,0,0.1666016,0
100,gmtamesQSAR_7590,c1ccc(-c2cccnc2)nc1,1,0.12944746,0
101,gmtamesQSAR_7637,CN1[C@@H]2C[C@H](OC(=O)C(CO)c3ccccc3)C[C@H]1C1OC12,0,0.0054418445,0
102,gmtamesQSAR_7645,C[C@]12CC(C=O)C(=O)C[C@@H]1CC[C@@H]1[C@@H]2CC[C@@]2(C)[C@H]1CC[C@]2(C)O,0,0.037098706,0
103,gmtamesQSAR_7746,O=[N+]([O-])c1ccc(N=NC(=NNc2ccc(I)cc2)c2ccccc2)cc1,0,0.61775094,0
104,gmtamesQSAR_7785,O=C1NS(=O)(=O)Cc2ccccc21,0,0.26351708,0
105,gmtamesQSAR_7792,Nc1ncnc2c1ncn2C(c1ccccc1)c1ccccc1,0,0.8664942,1
106,gmtamesQSAR_7839,O=C1c2ccccc2C(=O)N1SC1CCCCC1,0,0.34540907,0
107,gmtamesQSAR_7880,COC(=O)C1C2CC3c4[nH]c5cc(OC)ccc5c4CCN3CC2CC(OC(=O)c2cc(OC)c(OC)c(OC)c2)C1OC,0,0.26939106,0
108,gmtamesQSAR_7937,CCC1CN2CCc3cc(OC)c(OC)cc3C2CC1CC1NCCc2cc(OC)c(OC)cc21,0,0.21034354,0
109,gmtamesQSAR_8029,O=C1C2(Cl)C3(Cl)C4(Cl)C(Cl)(Cl)C5(Cl)C3(Cl)C1(Cl)C5(Cl)C24Cl,0,0.10677472,0
110,gmtamesQSAR_8049,Nn1nnc2c([nH]c3ccccc32)c1=O,1,0.6932768,1
111,gmtamesQSAR_8068,c1ccc2c(c1)Oc1ccccc1S2,0,0.48090023,0
112,gmtamesQSAR_8099,C=c1nccc2c1=Nc1cc(O)ccc1-2,0,0.8933416,1
113,gmtamesQSAR_8119,c1ccc(-c2ccccn2)nc1,1,0.14403224,0
114,gmtamesQSAR_8144,c1ccc(OP(Oc2ccccc2)Oc2ccccc2)cc1,0,0.109046385,0
115,gmtamesQSAR_8171,O=C1C=Cc2ccc3c4c(ccc1c24)C=CC3=O,1,0.9993363,1
116,gmtamesQSAR_8178,Clc1nc(Cl)nc(Nc2ccccc2Cl)n1,0,0.59912604,0
117,gmtamesQSAR_8245,O=S1(=O)CC=CC1,0,0.5009432,0
118,gmtamesQSAR_8254,CC1(C)S[C@H]2C(NC(=O)COc3ccccc3)C(=O)N2C1C([O])=O,0,0.061203495,0
